INSERT INTO wt.provider (provider_id, provider_name, contact_person, telephone, email, banking_details, valid_from, valid_to) VALUES 
  (1,'Purus In Consulting','Catherine Melendez','(951) 732-5572','maecenas.iaculis@aol.edu','3644 814815 98287','Mar 27, 2018','Apr 5, 2099'),
  (2,'Consequat Nec Mollis Limited','Marny Macdonald','(782) 818-8882','diam.vel@yahoo.ca','455678 5893864664','Feb 26, 2021','Apr 5, 2099'),
  (3,'Leo Cras LLC','Zelenia Hatfield','(698) 984-1675','congue.elit.sed@protonmail.com','633 42522 38679 629','Mar 31, 2018','Apr 5, 2099'),
  (4,'Aliquam Tincidunt Corp.','Ali Wilkerson','(544) 910-5929','tellus.non@hotmail.couk','630464357767334824','Aug 28, 2019','Apr 5, 2099'),
  (5,'Sed Dolor Fusce LLP','Elaine Bauer','(621) 807-3315','natoque.penatibus@icloud.ca','3461 547737 95522','Apr 7, 2019','Apr 5, 2099'),
  (6,'Urna PC','Whilemina House','(429) 587-7320','sem.ut@google.com','361463228496366','Jun 20, 2019','Apr 5, 2099'),
  (7,'Vel Turpis Incorporated','Lee Navarro','(605) 251-7804','dolor.sit@aol.edu','3685 428399 36432','Feb 20, 2021','Apr 5, 2099'),
  (8,'Facilisis Company','Jackson Bush','(762) 857-1859','nibh.donec@yahoo.net','4911185818432376','Feb 4, 2023','Apr 5, 2099'),
  (9,'Proin Nisl Inc.','Lillian Norton','(526) 672-5555','a.odio@icloud.ca','2014 375478 37362','Oct 16, 2017','Apr 5, 2099'),
  (10,'Turpis Ltd','Gary May','(464) 227-8128','mi.ac@google.net','6759363335441270','Oct 8, 2017','Apr 5, 2099');
  
  

INSERT INTO wt.item (item_id, name, description, cost, space, provider_id) VALUES
  (1, 'Women''s Striped T-Shirt', 'Comfortable and stylish t-shirt for everyday wear', 29.99, 25, 2),
  (2, 'Queen Size Memory Foam Pillow', 'Soft and supportive pillow for a restful sleep', 79.99, 30, 8),
  (3, 'Children''s Play Kitchen Utensils', 'Fun and realistic utensils for play kitchens', 14.99, 10, 3),
  (4, 'Men''s Black Leather Wallet', 'Classic and functional wallet for everyday use', 49.99, 15, 4),
  (5, 'Mid-Century Modern Desk', 'Stylish and functional desk for a home office', 399.99, 80, 7),
  (6, 'Remote Control Car Kit', 'Fun toy for building and customizing a remote control car', 89.99, 40, 10),
  (7, 'Women''s Black Leather Ankle Boots', 'Stylish and comfortable boots for any outfit', 99.99, 35, 1),
  (8, 'Twin Size Memory Foam Mattress Topper', 'Comfortable and supportive topper for a better sleep', 199.99, 50, 5),
  (9, 'Children''s Play Doctor Kit', 'Fun and educational toy for young doctors', 24.99, 20, 6),
  (10, 'Men''s Grey Hoodie', 'Casual and comfortable hoodie for everyday wear', 59.99, 30, 9),
  (11, 'Women''s High-Waisted Leggings', 'Comfortable and stylish leggings for workouts or everyday wear', 39.99, 20, 2),
  (12, 'King Size Down Comforter', 'Soft and warm comforter for a cozy night''s sleep', 299.99, 70, 8),
  (13, 'Children''s Wooden Blocks Set', 'Classic toy for building and creativity', 19.99, 15, 3),
  (14, 'Men''s Brown Leather Belt', 'Stylish and durable belt for any outfit', 29.99, 10, 4),
  (15, 'Vintage Record Player', 'Stylish and functional player for vinyl enthusiasts', 499.99, 100, 7),
  (16, 'Remote Control Drone', 'Fun toy for flying and capturing aerial footage', 149.99, 60, 10),
  (17, 'Women''s Black Leather Jacket', 'Classic and versatile jacket for any occasion', 199.99, 45, 1),
  (18, 'Full Size Memory Foam Mattress', 'Comfortable and supportive mattress for a better sleep', 799.99, 90, 5),
  (19, 'Children''s Art Easel', 'Fun and educational toy for young artists', 49.99, 25, 6),
  (20, 'Men''s Blue Dress Shirt', 'Classic and professional shirt for work or special occasions', 79.99, 30, 9);

INSERT INTO wt.item (item_id, name, description, cost, space, provider_id) VALUES
  (21, 'Wireless Bluetooth Earbuds', 'Convenient and high-quality earbuds for music and calls', 99.99, 5, 2),
  (22, 'Queen Size Flannel Sheets', 'Soft and cozy sheets for a comfortable night''s sleep', 59.99, 30, 8),
  (23, 'Children''s Play Kitchen Set', 'Fun and realistic toy for aspiring chefs', 129.99, 50, 3),
  (24, 'Men''s Black Leather Dress Shoes', 'Stylish and comfortable shoes for formal events', 89.99, 15, 4),
  (25, 'Vintage Polaroid Camera', 'Classic camera for instant photos and retro vibes', 149.99, 25, 7),
  (26, 'Smartphone Gimbal Stabilizer', 'Professional-quality stabilizer for smooth video footage', 199.99, 10, 10),
  (27, 'Women''s Red Cocktail Dress', 'Elegant and flattering dress for special occasions', 149.99, 20, 1),
  (28, 'Twin Size Inflatable Air Mattress', 'Convenient and comfortable mattress for guests or camping', 79.99, 5, 5),
  (29, 'Children''s Science Experiment Kit', 'Educational and fun kit for young scientists', 39.99, 15, 6),
  (30, 'Men''s Gray Hoodie Sweatshirt', 'Comfortable and casual sweatshirt for everyday wear', 49.99, 15, 9),
  (31, 'Wireless Charging Pad', 'Convenient and fast charging pad for smartphones and other devices', 29.99, 5, 2),
  (32, 'King Size Silk Pillowcase Set', 'Luxurious and soft pillowcases for a better sleep', 89.99, 10, 8),
  (33, 'Children''s Toy Train Set', 'Classic and fun toy for young train enthusiasts', 29.99, 20, 3),
  (34, 'Men''s Brown Leather Watch', 'Stylish and durable watch for any outfit', 99.99, 5, 4),
  (35, 'Vintage Typewriter', 'Functional and stylish typewriter for writers and collectors', 299.99, 30, 7),
  (36, 'Smartphone Camera Lens Kit', 'Professional-quality lenses for smartphone photography', 79.99, 5, 10),
  (37, 'Women''s White Blouse', 'Classic and versatile blouse for work or casual wear', 59.99, 10, 1),
  (38, 'Full Size Electric Blanket', 'Cozy and warm blanket for cold nights', 69.99, 20, 5),
  (39, 'Children''s Outdoor Playhouse', 'Fun and imaginative playhouse for outdoor playtime', 299.99, 100, 6),
  (40, 'Men''s Black Leather Jacket', 'Classic and versatile jacket for any occasion', 249.99, 50, 9);

INSERT INTO wt.item (item_id, name, description, cost, space, provider_id) VALUES
  (41, 'Bluetooth Wireless Speaker', 'High-quality speaker for music and audio streaming', 149.99, 10, 2),
  (42, 'Queen Size Memory Foam Mattress', 'Comfortable and supportive mattress for a restful sleep', 599.99, 50, 8),
  (43, 'Children''s Art Easel', 'Fun and creative easel for young artists', 49.99, 10, 3),
  (44, 'Men''s Brown Leather Belt', 'Stylish and durable belt for any outfit', 39.99, 2, 4),
  (45, 'Vintage Record Player', 'Classic and stylish record player for vinyl enthusiasts', 199.99, 25, 7),
  (46, 'Smartwatch', 'Convenient and versatile watch with various functions and features', 299.99, 5, 10),
  (47, 'Women''s Black Dress Pants', 'Classic and comfortable pants for work or formal events', 79.99, 10, 1),
  (48, 'Twin Size Weighted Blanket', 'Comforting and calming blanket for anxiety and stress relief', 89.99, 5, 5),
  (49, 'Children''s Building Blocks Set', 'Educational and fun set for young builders and architects', 29.99, 10, 6),
  (50, 'Men''s Blue Button-Down Shirt', 'Stylish and versatile shirt for casual or dressy occasions', 59.99, 10, 9),
  (51, 'Wireless Noise-Canceling Headphones', 'High-quality headphones for immersive audio experiences', 249.99, 5, 2),
  (52, 'King Size Down Comforter', 'Warm and cozy comforter for cold nights', 199.99, 20, 8),
  (53, 'Children''s Toy Tea Set', 'Cute and fun tea set for imaginative playtime', 19.99, 5, 3),
  (54, 'Men''s Silver Watch', 'Sleek and modern watch for any occasion', 149.99, 5, 4),
  (55, 'Vintage Camera Bag', 'Stylish and functional bag for camera equipment and accessories', 79.99, 5, 7),
  (56, 'Smartphone Tripod Stand', 'Sturdy and adjustable stand for stable smartphone photography and video', 49.99, 5, 10),
  (57, 'Women''s Black Leather Boots', 'Stylish and comfortable boots for any outfit or occasion', 129.99, 15, 1),
  (58, 'Full Size Weighted Blanket', 'Comforting and calming blanket for anxiety and stress relief', 129.99, 10, 5),
  (59, 'Children''s Play Tent', 'Fun and imaginative tent for indoor or outdoor playtime', 39.99, 20, 6),
  (60, 'Men''s Brown Leather Wallet', 'Stylish and functional wallet for everyday use', 29.99, 2, 9);

INSERT INTO wt.item (item_id, name, description, cost, space, provider_id) VALUES
  (91, 'Bluetooth Wireless Speaker', 'High-quality speaker for music and audio streaming', 149.99, 10, 2),
  (92, 'Queen Size Memory Foam Mattress', 'Comfortable and supportive mattress for a restful sleep', 599.99, 50, 8),
  (93, 'Children''s Art Easel', 'Fun and creative easel for young artists', 49.99, 10, 3),
  (94, 'Men''s Brown Leather Belt', 'Stylish and durable belt for any outfit', 39.99, 2, 4),
  (95, 'Vintage Record Player', 'Classic and stylish record player for vinyl enthusiasts', 199.99, 25, 7),
  (96, 'Smartwatch', 'Convenient and versatile watch with various functions and features', 299.99, 5, 10),
  (97, 'Women''s Black Dress Pants', 'Classic and comfortable pants for work or formal events', 79.99, 10, 1),
  (98, 'Twin Size Weighted Blanket', 'Comforting and calming blanket for anxiety and stress relief', 89.99, 5, 5),
  (99, 'Children''s Building Blocks Set', 'Educational and fun set for young builders and architects', 29.99, 10, 6),
  (100, 'Men''s Blue Button-Down Shirt', 'Stylish and versatile shirt for casual or dressy occasions', 59.99, 10, 9),
  (101, 'Wireless Noise-Canceling Headphones', 'High-quality headphones for immersive audio experiences', 249.99, 5, 2),
  (102, 'King Size Down Comforter', 'Warm and cozy comforter for cold nights', 199.99, 20, 8),
  (103, 'Children''s Toy Tea Set', 'Cute and fun tea set for imaginative playtime', 19.99, 5, 3),
  (104, 'Men''s Silver Watch', 'Sleek and modern watch for any occasion', 149.99, 5, 4),
  (105, 'Vintage Camera Bag', 'Stylish and functional bag for camera equipment and accessories', 79.99, 5, 7),
  (106, 'Smartphone Tripod Stand', 'Sturdy and adjustable stand for stable smartphone photography and video', 49.99, 5, 10),
  (107, 'Women''s Black Leather Boots', 'Stylish and comfortable boots for any outfit or occasion', 129.99, 15, 1),
  (108, 'Full Size Weighted Blanket', 'Comforting and calming blanket for anxiety and stress relief', 129.99, 10, 5),
  (109, 'Children''s Play Tent', 'Fun and imaginative tent for indoor or outdoor playtime', 39.99, 20, 6),
  (110, 'Men''s Brown Leather Wallet', 'Stylish and functional wallet for everyday use', 29.99, 2, 9);

INSERT INTO wt.item (item_id, name, description, cost, space, provider_id) VALUES
  (111, 'Wireless Gaming Headset', 'High-quality headset for immersive gaming experiences', 129.99, 5, 2),
  (112, 'Queen Size Weighted Blanket', 'Comforting and calming blanket for anxiety and stress relief', 149.99, 15, 8),
  (113, 'Children''s Play Kitchen Set', 'Fun and interactive kitchen set for young chefs', 99.99, 20, 3),
  (114, 'Men''s Leather Dress Shoes', 'Stylish and comfortable shoes for formal events or work', 89.99, 5, 4),
  (115, 'Vintage Polaroid Camera', 'Classic and stylish camera for instant photography', 149.99, 10, 7),
  (116, 'Smartphone Camera Lens Kit', 'Versatile and high-quality lens kit for smartphone photography', 79.99, 2, 10),
  (117, 'Women''s Black Leather Jacket', 'Stylish and versatile jacket for any outfit or occasion', 199.99, 10, 1),
  (118, 'Twin Size Down Comforter', 'Warm and cozy comforter for cold nights', 129.99, 15, 5),
  (119, 'Children''s Building Blocks Table', 'Fun and interactive table for young builders and architects', 149.99, 20, 6),
  (120, 'Men''s Grey Hoodie', 'Comfortable and stylish hoodie for casual wear', 49.99, 5, 9),
  (121, 'Wireless Earbuds', 'Convenient and high-quality earbuds for music and audio streaming', 99.99, 2, 2),
  (122, 'King Size Weighted Blanket', 'Comforting and calming blanket for anxiety and stress relief', 199.99, 25, 8),
  (123, 'Children''s Play Tent and Tunnel Set', 'Fun and imaginative tent and tunnel set for indoor or outdoor playtime', 59.99, 30, 3),
  (124, 'Men''s Black Leather Jacket', 'Stylish and versatile jacket for any outfit or occasion', 249.99, 10, 4),
  (125, 'Vintage Film Camera', 'Classic and stylish camera for film photography', 299.99, 5, 7),
  (126, 'Smartphone Gimbal Stabilizer', 'Sturdy and adjustable stabilizer for smooth smartphone video', 149.99, 5, 10),
  (127, 'Women''s Brown Leather Boots', 'Stylish and comfortable boots for any outfit or occasion', 149.99, 15, 1),
  (128, 'Full Size Down Comforter', 'Warm and cozy comforter for cold nights', 179.99, 20, 5),
  (129, 'Children''s Playhouse', 'Fun and imaginative playhouse for indoor or outdoor playtime', 199.99, 50, 6),
  (130, 'Men''s Black Leather Belt', 'Stylish and durable belt for any outfit', 49.99, 2, 9),
  (131, 'Wireless Bluetooth Earbuds', 'Convenient and high-quality earbuds for music and audio streaming', 129.99, 5, 2),
  (132, 'California King Size Weighted Blanket', 'Comforting and calming blanket for anxiety and stress relief', 249.99, 30, 8),
  (133, 'Children''s Play Tool Set', 'Fun and interactive tool set for young builders and DIY enthusiasts', 39.99, 5, 3),
  (134, 'Men''s Brown Leather Dress Shoes', 'Stylish and comfortable shoes for formal events or work', 99.99, 5, 4),
  (135, 'Vintage Film Camera Bag', 'Stylish and functional bag for film camera equipment and accessories', 99.99, 5, 7),
  (136, 'Smartphone Camera Tripod', 'Sturdy and adjustable tripod for stable smartphone photography and video', 69.99, 5, 10),
  (137, 'Women''s Brown Leather Jacket', 'Stylish and versatile jacket for any outfit or occasion', 179.99, 10, 1),
  (138, 'Queen Size Down Comforter', 'Warm and cozy comforter for cold nights', 169.99, 15, 5),
  (139, 'Children''s Play Grocery Store Set', 'Fun and interactive grocery store set for young shoppers', 129.99, 20, 6),
  (140, 'Men''s Black Leather Wallet with Money Clip', 'Stylish and functional wallet with money clip for everyday use', 39.99, 2, 9);

INSERT INTO wt.order (order_id,date,provider_id)
VALUES
  (1,'2023-01-30',3),
  (2,'2022-07-27',2),
  (3,'2023-01-7',5),
  (4,'2023-03-1',1),
  (5,'2023-03-23',8),
  (6,'2022-09-4',2),
  (7,'2023-01-22',4),
  (8,'2022-09-11',9),
  (9,'2022-06-23',4),
  (10,'2022-12-25',8),
  (11,'2022-08-27',2),
  (12,'2022-11-20',10),
  (13,'2022-07-15',4),
  (14,'2022-08-17',7),
  (15,'2022-06-1',7),
  (16,'2022-07-27',1),
  (17,'2023-02-22',3),
  (18,'2022-09-11',1),
  (19,'2022-10-12',4),
  (20,'2022-09-21',7),
  (21,'2023-01-24',3),
  (22,'2022-12-13',6),
  (23,'2022-06-17',2),
  (24,'2022-07-7',1),
  (25,'2022-10-3',5),
  (26,'2022-07-26',7),
  (27,'2022-07-17',9),
  (28,'2023-03-10',1),
  (29,'2022-08-28',9),
  (30,'2023-02-1',7),
  (31,'2023-02-10',10),
  (32,'2022-12-18',7),
  (33,'2022-06-20',7),
  (34,'2023-01-15',3),
  (35,'2022-08-16',7),
  (36,'2022-07-2',8),
  (37,'2022-11-14',8),
  (38,'2023-03-24',7),
  (39,'2023-03-13',10),
  (40,'2023-03-6',1),
  (41,'2023-02-28',2),
  (42,'2023-03-11',2),
  (43,'2023-01-29',5),
  (44,'2022-07-31',5),
  (45,'2023-01-28',3),
  (46,'2023-03-29',1),
  (47,'2022-06-9',4),
  (48,'2022-09-10',5),
  (49,'2022-12-24',5),
  (50,'2022-07-7',3);
  
  
INSERT INTO wt.goods_in_order (order_id,item_id)
VALUES
  (18,20),
  (48,2),
  (28,43),
  (14,33),
  (17,10),
  (22,19),
  (17,40),
  (22,25),
  (19,2),
  (13,5),
  (32,48),
  (7,36),
  (12,38),
  (25,35),
  (10,27),
  (27,22),
  (3,27),
  (48,25),
  (43,46),
  (8,37),
  (18,37),
  (12,10),
  (25,20),
  (27,4),
  (46,45),
  (23,16),
  (23,37),
  (20,47),
  (17,45),
  (3,33),
  (14,17),
  (25,8),
  (31,13),
  (12,1),
  (47,17),
  (21,17),
  (11,23),
  (16,45),
  (7,11),
  (48,23),
  (30,16),
  (5,36),
  (31,48),
  (7,1),
  (31,6);
INSERT INTO wt.goods_in_order (order_id,item_id)
VALUES
  (49,32),
  (30,7),
  (32,45),
  (50,12),
  (50,22),
  (48,49),
  (45,10),
  (37,38),
  (15,34),
  (48,7),
  (21,46),
  (22,30),
  (41,32),
  (50,31),
  (6,2),
  (19,33),
  (3,12),
  (16,10),
  (9,3),
  (4,42),
  (15,13),
  (35,23),
  (12,27),
  (42,44),
  (50,38),
  (7,3),
  (40,23),
  (39,24),
  (42,13),
  (39,7),
  (13,23),
  (39,11),
  (28,13),
  (5,20),
  (28,42),
  (23,46),
  (39,32),
  (42,14),
  (13,47),
  (12,37),
  (32,10),
  (32,15),
  (13,37),
  (2,44),
  (36,22),
  (46,41),
  (4,36),
  (42,18),
  (5,31);
INSERT INTO wt.goods_in_order (order_id,item_id)
VALUES
  (45,37),
  (43,25),
  (49,35),
  (38,32),
  (12,39),
  (11,13),
  (48,4),
  (34,11),
  (31,19),
  (7,49),
  (9,8),
  (35,19),
  (19,26),
  (11,15),
  (46,43),
  (25,2),
  (35,9),
  (1,19),
  (9,25),
  (37,36),
  (5,7),
  (21,29),
  (10,43),
  (3,19),
  (19,38),
  (39,44),
  (39,16),
  (46,24),
  (18,25),
  (17,12),
  (22,23),
  (22,31),
  (42,38),
  (33,46),
  (10,38),
  (25,5),
  (2,5),
  (20,46),
  (21,24),
  (22,6),
  (25,34),
  (3,31),
  (38,37),
  (7,15),
  (8,18),
  (32,28),
  (30,23),
  (17,24),
  (45,13);
INSERT INTO wt.goods_in_order (order_id,item_id)
VALUES
  (40,20),
  (28,39),
  (4,5),
  (22,21),
  (46,22),
  (37,4),
  (20,19),
  (20,30),
  (26,41),
  (43,30),
  (31,40),
  (17,3),
  (37,17),
  (28,11),
  (8,6),
  (4,17),
  (3,38),
  (24,3),
  (15,2),
  (20,6),
  (31,15),
  (2,21),
  (16,33),
  (8,14),
  (24,44),
  (11,24),
  (2,26),
  (23,45),
  (10,36),
  (38,48),
  (27,40),
  (40,26),
  (35,34),
  (7,35),
  (34,12),
  (4,16),
  (28,20),
  (22,12),
  (39,12),
  (36,18),
  (36,17),
  (8,3),
  (32,13),
  (4,49),
  (22,35),
  (15,28),
  (48,40),
  (49,15);
INSERT INTO wt.goods_in_order (order_id,item_id)
VALUES
  (50,48),
  (22,5),
  (17,9),
  (20,13),
  (18,46),
  (10,41),
  (3,14),
  (5,45),
  (9,48),
  (9,47),
  (50,40),
  (5,48),
  (6,35),
  (28,28),
  (38,30),
  (7,26),
  (19,39),
  (44,46),
  (17,13),
  (19,25),
  (30,8),
  (21,19),
  (7,27),
  (41,20),
  (10,10),
  (40,25),
  (19,16),
  (2,49),
  (12,34),
  (33,2),
  (3,45),
  (44,14),
  (5,3),
  (42,40),
  (46,27),
  (42,33),
  (45,27),
  (48,36),
  (44,27),
  (11,11),
  (42,2),
  (34,44),
  (2,6),
  (30,33),
  (42,26),
  (25,36),
  (24,23),
  (16,30),
  (24,12);
INSERT INTO wt.goods_in_order (order_id,item_id)
VALUES
  (40,31),
  (47,7),
  (43,4),
  (47,43),
  (33,16),
  (21,28),
  (29,10),
  (3,35),
  (27,30),
  (20,9),
  (47,40),
  (2,45),
  (46,33),
  (19,23),
  (5,14),
  (35,48),
  (29,20),
  (8,47),
  (35,36),
  (4,15),
  (26,12),
  (6,13),
  (48,37),
  (12,46),
  (23,19),
  (49,9),
  (44,38),
  (25,9),
  (1,40),
  (6,33),
  (30,50),
  (36,44),
  (40,38),
  (6,45),
  (42,41),
  (17,42),
  (1,43),
  (40,37),
  (6,23),
  (3,11),
  (30,6),
  (33,11),
  (38,34),
  (20,33),
  (29,33),
  (49,18);
  
INSERT INTO wt.warehouse
VALUES
  (1,'hendrerit a,','747-3086 Commodo Rd.'),
  (2,'sem elit,','Ap #810-255 Metus. St.'),
  (3,'luctus et','P.O. Box 843, 5026 Magnis Rd.'),
  (4,'dolor. Quisque tincidunt','919-9746 Massa Rd.'),
  (5,'pellentesque, tellus','Ap #642-6052 Proin Av.'),
  (6,'pede','P.O. Box 944, 3857 Ut St.'),
  (7,'parturient montes,','Ap #814-4645 Nullam Road'),
  (8,'turpis. Aliquam','Ap #160-8780 Eu, Rd.'),
  (9,'Integer in','968-7873 Pharetra, Street'),
  (10,'nisl. Maecenas','P.O. Box 843, 4834 In Road');
  

INSERT INTO wt.shipment (waybill_id, date, warehouse_id)
VALUES
  (1,'2022-04-22',4),
  (2,'2022-07-19',2),
  (3,'2024-04-2',3),
  (4,'2023-01-31',10),
  (5,'2023-10-10',3),
  (6,'2023-11-10',5),
  (7,'2024-01-30',3),
  (8,'2023-12-17',5),
  (9,'2023-12-3',3),
  (10,'2023-10-31',9),
  (11,'2023-05-6',4),
  (12,'2023-11-15',7),
  (13,'2022-06-4',9),
  (14,'2023-11-22',7),
  (15,'2024-01-18',6),
  (16,'2023-05-17',3),
  (17,'2023-01-14',2),
  (18,'2022-11-17',2),
  (19,'2022-08-1',8),
  (20,'2022-10-8',2),
  (21,'2022-12-26',4),
  (22,'2024-01-18',1),
  (23,'2024-04-3',2),
  (24,'2023-06-29',4),
  (25,'2023-10-10',2),
  (26,'2023-07-21',6),
  (27,'2023-11-30',7),
  (28,'2023-11-24',5),
  (29,'2023-09-22',3),
  (30,'2023-08-27',9),
  (31,'2022-08-20',3),
  (32,'2023-03-24',8),
  (33,'2023-05-13',5),
  (34,'2023-09-27',9),
  (35,'2023-10-5',3),
  (36,'2023-09-28',5),
  (37,'2024-01-11',9),
  (38,'2023-09-18',2),
  (39,'2023-01-5',2),
  (40,'2022-08-31',7),
  (41,'2023-05-21',10),
  (42,'2023-11-23',2),
  (43,'2022-06-30',4),
  (44,'2022-07-15',5),
  (45,'2022-05-15',4),
  (46,'2022-05-9',8),
  (47,'2022-04-11',7),
  (48,'2022-07-3',10),
  (49,'2023-11-23',5),
  (50,'2024-02-14',5);
INSERT INTO wt.shipment (waybill_id, date, warehouse_id)
VALUES
  (51,'2023-08-31',9),
  (52,'2022-05-10',4),
  (53,'2024-03-12',10),
  (54,'2023-11-24',9),
  (55,'2023-09-27',8),
  (56,'2022-05-13',10),
  (57,'2022-12-13',4),
  (58,'2022-04-6',10),
  (59,'2023-03-23',5),
  (60,'2023-11-24',3),
  (61,'2022-06-8',2),
  (62,'2022-07-20',4),
  (63,'2023-08-22',8),
  (64,'2022-12-22',5),
  (65,'2022-11-25',2),
  (66,'2022-06-26',9),
  (67,'2023-07-3',6),
  (68,'2022-10-22',9),
  (69,'2022-08-15',5),
  (70,'2022-04-30',8),
  (71,'2022-10-20',1),
  (72,'2024-01-6',7),
  (73,'2023-08-3',1),
  (74,'2022-06-8',5),
  (75,'2023-11-12',4),
  (76,'2022-10-31',1),
  (77,'2022-10-14',3),
  (78,'2024-01-11',6),
  (79,'2022-05-9',5),
  (80,'2022-09-8',1),
  (81,'2023-05-22',5),
  (82,'2024-02-28',2),
  (83,'2023-03-24',6),
  (84,'2022-10-3',6),
  (85,'2023-10-20',7),
  (86,'2023-06-23',5),
  (87,'2024-03-8',4),
  (88,'2022-10-23',3),
  (89,'2023-06-8',5),
  (90,'2023-05-20',9),
  (91,'2023-11-29',3),
  (92,'2023-05-26',8),
  (93,'2022-07-23',6),
  (94,'2023-09-30',5),
  (95,'2022-09-22',8),
  (96,'2023-01-9',5),
  (97,'2023-04-10',5),
  (98,'2023-01-31',2),
  (99,'2023-07-24',4),
  (100,'2023-09-6',5);
  
  
INSERT INTO wt.goods_in_shipment (waybill_id,item_id)
VALUES
  (82,45),
  (42,50),
  (18,36),
  (40,27),
  (49,25),
  (85,11),
  (98,21),
  (84,47),
  (2,49),
  (24,35),
  (43,32),
  (89,21),
  (97,9),
  (31,40),
  (47,15),
  (79,2),
  (23,40),
  (28,43),
  (24,19),
  (78,32),
  (71,48),
  (64,16),
  (43,35),
  (95,28),
  (96,29),
  (87,24),
  (3,48),
  (76,26),
  (29,25),
  (72,23),
  (7,27),
  (91,27),
  (33,36),
  (91,19),
  (24,20),
  (81,2),
  (70,13),
  (66,42),
  (49,44),
  (6,32),
  (59,44),
  (75,19),
  (44,32),
  (71,38),
  (62,21),
  (54,35),
  (29,11),
  (77,43),
  (94,29),
  (27,26);

INSERT INTO wt.goods_in_shipment (waybill_id,item_id)
VALUES
  (65,12),
  (59,20),
  (8,6),
  (21,17),
  (97,41),
  (76,11),
  (45,16),
  (7,15),
  (11,33),
  (94,37),
  (4,5),
  (100,13),
  (24,46),
  (2,20),
  (77,12),
  (16,12),
  (55,18),
  (98,16),
  (11,21),
  (34,49),
  (34,33),
  (58,43),
  (34,32),
  (40,3),
  (46,25),
  (28,49),
  (68,40),
  (16,41),
  (94,7),
  (18,16),
  (13,2),
  (53,37),
  (79,29),
  (24,18),
  (87,26),
  (74,19),
  (46,30),
  (90,24),
  (6,20),
  (24,43),
  (33,4),
  (65,34),
  (47,22),
  (69,9),
  (67,35),
  (50,45),
  (30,18),
  (66,38),
  (32,49),
  (24,25);
  
  
INSERT INTO wt.goods_in_warehouse (warehouse_id,item_id,item_count)
VALUES
  (2,50,2),
  (2,29,3),
  (6,8,8),
  (2,3,5),
  (10,43,4),
  (8,33,13),
  (10,34,11),
  (2,36,11),
  (7,35,2),
  (2,18,2),
  (10,25,3),
  (3,42,7),
  (4,15,1),
  (1,2,1),
  (8,26,4),
  (3,15,4),
  (5,34,9),
  (8,14,12),
  (7,27,3),
  (4,45,14),
  (9,38,5),
  (9,35,10),
  (3,7,1),
  (9,12,1),
  (5,18,11),
  (8,12,13),
  (5,26,11),
  (9,36,9),
  (7,29,4),
  (8,21,9),
  (6,31,14),
  (2,40,12),
  (4,10,3),
  (4,41,15),
  (10,33,10),
  (5,42,6),
  (8,31,3),
  (4,35,3),
  (6,7,14),
  (5,13,15),
  (6,18,12),
  (4,22,7),
  (8,34,12),
  (7,40,3),
  (6,26,2),
  (3,17,11),
  (2,19,9),
  (2,23,3);
INSERT INTO wt.goods_in_warehouse  (warehouse_id,item_id,item_count)
VALUES
  (9,8,15),
  (6,3,14),
  (3,50,2),
  (7,3,6),
  (9,30,3),
  (3,47,4),
  (8,4,9),
  (5,40,4),
  (5,39,6),
  (4,30,5),
  (5,49,8),
  (9,27,6),
  (6,15,10),
  (4,39,15),
  (2,38,7),
  (3,40,6),
  (6,25,11),
  (2,34,10),
  (7,31,14),
  (9,19,5),
  (2,12,4),
  (5,41,3),
  (2,27,4),
  (6,39,3),
  (9,24,1),
  (3,11,5),
  (10,17,3),
  (7,5,14),
  (9,11,7),
  (2,45,5),
  (8,42,3),
  (8,18,9),
  (6,30,8),
  (8,22,12),
  (7,18,3),
  (7,47,11),
  (10,39,11),
  (10,3,15),
  (4,11,13);
